product_name                                                                                                      , series           , category        , subcategory   , brand     , width, height, depth, pureqty, impureqty, core_product
iPhone 16 Clear Case with MagSafe                                                                                 , iPhone 16 Base   , case            , clear         , Apple     ,    11,     21,     3,    92.0,        27, iPhone
iPhone 16 Silicone Case with MagSafe - Black                                                                      , iPhone 16 Base   , case            , silicone      , Apple     ,    11,     21,     3,    44.0,        30, iPhone
iPhone 16 Silicone Case with MagSafe - Denim                                                                      , iPhone 16 Base   , case            , silicone      , Apple     ,    11,     21,     3,    24.0,        11, iPhone
iPhone 16 Silicone Case with MagSafe - Fuchsia                                                                    , iPhone 16 Base   , case            , silicone      , Apple     ,    11,     21,     3,    13.0,         9, iPhone
iPhone 16 Silicone Case with MagSafe - Lake Green                                                                 , iPhone 16 Base   , case            , silicone      , Apple     ,    11,     21,     3,    40.0,        22, iPhone
iPhone 16 Silicone Case with MagSafe - Plum                                                                       , iPhone 16 Base   , case            , silicone      , Apple     ,    11,     21,     3,     9.0,         8, iPhone
iPhone 16 Silicone Case with MagSafe - Star Fruit                                                                 , iPhone 16 Base   , case            , silicone      , Apple     ,    11,     21,     3,     7.0,         1, iPhone
iPhone 16 Silicone Case with MagSafe - Stone Gray                                                                 , iPhone 16 Base   , case            , silicone      , Apple     ,    11,     21,     3,     1.0,         4, iPhone
iPhone 16 Silicone Case with MagSafe - Ultramarine                                                                , iPhone 16 Base   , case            , silicone      , Apple     ,    11,     21,     3,    15.0,        18, iPhone
iPhone 16 Plus Clear Case with MagSafe                                                                            , iPhone 16 Plus   , case            , clear         , Apple     ,    11,     21,     3,    71.0,        16, iPhone
iPhone 16 Plus Silicone Case with MagSafe - Black                                                                 , iPhone 16 Plus   , case            , silicone      , Apple     ,    11,     21,     3,    15.0,        10, iPhone
iPhone 16 Plus Silicone Case with MagSafe - Denim                                                                 , iPhone 16 Plus   , case            , silicone      , Apple     ,    11,     21,     3,    10.0,         5, iPhone
iPhone 16 Plus Silicone Case with MagSafe - Fuchsia                                                               , iPhone 16 Plus   , case            , silicone      , Apple     ,    11,     21,     3,    16.0,        10, iPhone
iPhone 16 Plus Silicone Case with MagSafe - Lake Green                                                            , iPhone 16 Plus   , case            , silicone      , Apple     ,    11,     21,     3,    15.0,         9, iPhone
iPhone 16 Plus Silicone Case with MagSafe - Plum                                                                  , iPhone 16 Plus   , case            , silicone      , Apple     ,    11,     21,     3,     7.0,         3, iPhone
iPhone 16 Plus Silicone Case with MagSafe - Star Fruit                                                            , iPhone 16 Plus   , case            , silicone      , Apple     ,    11,     21,     3,     1.0,         1, iPhone
iPhone 16 Plus Silicone Case with MagSafe - Stone Gray                                                            , iPhone 16 Plus   , case            , silicone      , Apple     ,    11,     21,     3,     6.0,        10, iPhone
iPhone 16 Plus Silicone Case with MagSafe - Ultramarine                                                           , iPhone 16 Plus   , case            , silicone      , Apple     ,    11,     21,     3,    16.0,         9, iPhone
iPhone 16 Pro Clear Case with MagSafe                                                                             , iPhone 16 Pro    , case            , clear         , Apple     ,    11,     21,     3,   195.0,       210, iPhone
iPhone 16 Pro Silicone Case with MagSafe - Black                                                                  , iPhone 16 Pro    , case            , silicone      , Apple     ,    11,     21,     3,    93.0,       108, iPhone
iPhone 16 Pro Silicone Case with MagSafe - Denim                                                                  , iPhone 16 Pro    , case            , silicone      , Apple     ,    11,     21,     3,    11.0,        32, iPhone
iPhone 16 Pro Silicone Case with MagSafe - Fuchsia                                                                , iPhone 16 Pro    , case            , silicone      , Apple     ,    11,     21,     3,     6.0,         8, iPhone
iPhone 16 Pro Silicone Case with MagSafe - Lake Green                                                             , iPhone 16 Pro    , case            , silicone      , Apple     ,    11,     21,     3,     0.0,         8, iPhone
iPhone 16 Pro Silicone Case with MagSafe - Plum                                                                   , iPhone 16 Pro    , case            , silicone      , Apple     ,    11,     21,     3,     4.0,        14, iPhone
iPhone 16 Pro Silicone Case with MagSafe - Star Fruit                                                             , iPhone 16 Pro    , case            , silicone      , Apple     ,    11,     21,     3,     5.0,         6, iPhone
iPhone 16 Pro Silicone Case with MagSafe - Stone Gray                                                             , iPhone 16 Pro    , case            , silicone      , Apple     ,    11,     21,     3,    12.0,        18, iPhone
iPhone 16 Pro Silicone Case with MagSafe - Ultramarine                                                            , iPhone 16 Pro    , case            , silicone      , Apple     ,    11,     21,     3,     9.0,        19, iPhone
iPhone 16 Pro Max Clear Case with MagSafe                                                                         , iPhone 16 Pro Max, case            , clear         , Apple     ,    11,     21,     3,   222.0,       291, iPhone
iPhone 16 Pro Max Silicone Case with MagSafe - Black                                                              , iPhone 16 Pro Max, case            , silicone      , Apple     ,    11,     21,     3,    43.0,        82, iPhone
iPhone 16 Pro Max Silicone Case with MagSafe - Denim                                                              , iPhone 16 Pro Max, case            , silicone      , Apple     ,    11,     21,     3,    11.0,        42, iPhone
iPhone 16 Pro Max Silicone Case with MagSafe - Fuchsia                                                            , iPhone 16 Pro Max, case            , silicone      , Apple     ,    11,     21,     3,    10.0,        19, iPhone
iPhone 16 Pro Max Silicone Case with MagSafe - Lake Green                                                         , iPhone 16 Pro Max, case            , silicone      , Apple     ,    11,     21,     3,    14.0,        37, iPhone
iPhone 16 Pro Max Silicone Case with MagSafe - Plum                                                               , iPhone 16 Pro Max, case            , silicone      , Apple     ,    11,     21,     3,    14.0,        21, iPhone
iPhone 16 Pro Max Silicone Case with MagSafe - Star Fruit                                                         , iPhone 16 Pro Max, case            , silicone      , Apple     ,    11,     21,     3,     8.0,        10, iPhone
iPhone 16 Pro Max Silicone Case with MagSafe - Stone Gray                                                         , iPhone 16 Pro Max, case            , silicone      , Apple     ,    11,     21,     3,    11.0,        21, iPhone
iPhone 16 Pro Max Silicone Case with MagSafe - Ultramarine                                                        , iPhone 16 Pro Max, case            , silicone      , Apple     ,    11,     21,     3,     7.0,        22, iPhone
Flayrr 3D Edge to Edge 3D Smooth Tempered Glass for iPhone 15                                                     , iPhone 15 Base   , screen_protector, tempered_glass, Flayrr    ,    11,     21,     3,     4.0,         1, iPhone
Gripp Privacy Glass for  Apple iPhone 15  6.1    Black                                                            , iPhone 15 Base   , other           ,               , Gripp     ,    11,     21,     3,   150.0,       122, iPhone
Gripp Privacy Glass for  Apple iPhone 15 Max  6.7    Black                                                        , iPhone 15 Base   , other           ,               , Gripp     ,    11,     21,     3,   165.0,       151, iPhone
Flayrr 3D Edge to Edge 3D Smooth Tempered Glass for iPhone 15 Plus                                                , iPhone 15 Plus   , screen_protector, tempered_glass, Flayrr    ,    11,     21,     3,     1.0,         8, iPhone
Gripp Privacy Glass for  Apple iPhone 15 Pro  6.1    Black                                                        , iPhone 15 Pro    , other           ,               , Gripp     ,    11,     21,     3,    50.0,       205, iPhone
PG Ceramic Protection - iPhone 15 Pro UWF wA - 2838                                                               , iPhone 15 Pro    , other           ,               , PG        ,    11,     21,     3,     4.0,        32, iPhone
Flayrr 3D Edge to Edge 3D Smooth Tempered Glass for iPhone 15 Pro Max                                             , iPhone 15 Pro Max, screen_protector, tempered_glass, Flayrr    ,    11,     21,     3,     1.0,         3, iPhone
Gripp FOCAL Camera Lens Protector 3N1 (Compatible with Apple iPhone 15 Pro & iPhone 15 Pro Max) - Diamond Blue    , iPhone 15 Pro Max, screen_protector, lens_protector, Gripp     ,    11,     21,     3,    51.0,       394, iPhone
Gripp FOCAL Camera Lens Protector 3N1 (Compatible with Apple iPhone 15 Pro & iPhone 15 Pro Max) - Grey/Gold       , iPhone 15 Pro Max, screen_protector, lens_protector, Gripp     ,    11,     21,     3,    95.0,       438, iPhone
Gripp FOCAL Camera Lens Protector 3N1 (Compatible with Apple iPhone 15 Pro & iPhone 15 Pro Max) - Silver          , iPhone 15 Pro Max, screen_protector, lens_protector, Gripp     ,    11,     21,     3,    37.0,       288, iPhone
Gripp FOCAL Camera Lens Protector 3N1(Compatible with Apple iPhone 15 Pro & iPhone 15 Pro Max) - Grey             , iPhone 15 Pro Max, screen_protector, lens_protector, Gripp     ,    11,     21,     3,    67.0,       350, iPhone
Gripp Privacy Glass for  Apple iPhone 15 Pro Max  6.7    Black                                                    , iPhone 15 Pro Max, other           ,               , Gripp     ,    11,     21,     3,   114.0,       522, iPhone
Gripp Tempered Glass 0.3mm  for Apple iPhone 15 PRO Max  6.7    Clear                                             , iPhone 15 Pro Max, screen_protector, tempered_glass, Gripp     ,    11,     21,     3,    90.0,       430, iPhone
PG Ceramic Protection for iPhone 15 Pro Max UWF wA - 2840                                                         , iPhone 15 Pro Max, other           ,               , PG        ,    11,     21,     3,     8.0,         7, iPhone
Gripp Tempered Glass 0.3mm  for Apple iPhone 16  6.1   - Clear                                                    , iPhone 16 Base   , screen_protector, tempered_glass, Gripp     ,    11,     21,     3,     3.0,         0, iPhone
Robocare iPhone 16 TEMPERED GLASS 3D Dust Prevention edge to edge Glass                                           , iPhone 16 Base   , screen_protector, tempered_glass, Robocare  ,    11,     21,     3,     1.0,         0, iPhone
Gripp Dust Proof 3D Tempered Glass for Apple iPhone 16 Plus  6.7   - Black                                        , iPhone 16 Plus   , screen_protector, tempered_glass, Gripp     ,    11,     21,     3,    92.0,        41, iPhone
Gripp FOCAL Camera Lens Protector 2N1  Compatible with Apple iPhone 16   iPhone 16 Plus  -  Black                 , iPhone 16 Plus   , screen_protector, lens_protector, Gripp     ,    11,     21,     3,   243.0,        87, iPhone
Gripp FOCAL Camera Lens Protector 2N1  Compatible with Apple iPhone 16   iPhone 16 Plus  - Blue                   , iPhone 16 Plus   , screen_protector, lens_protector, Gripp     ,    11,     21,     3,   252.0,        77, iPhone
Gripp FOCAL Camera Lens Protector 2N1  Compatible with Apple iPhone 16   iPhone 16 Plus  - Green                  , iPhone 16 Plus   , screen_protector, lens_protector, Gripp     ,    11,     21,     3,   299.0,        70, iPhone
Gripp FOCAL Camera Lens Protector 2N1 Compatible with Apple iPhone 16   iPhone 16 Plus  - Pink                    , iPhone 16 Plus   , screen_protector, lens_protector, Gripp     ,    11,     21,     3,   111.0,        31, iPhone
Gripp FOCAL Camera Lens Protector 2N1 Compatible with Apple iPhone 16   iPhone 16 Plus  - Silver                  , iPhone 16 Plus   , screen_protector, lens_protector, Gripp     ,    11,     21,     3,   189.0,        48, iPhone
Gripp Tempered Glass 0.3mm  for Apple iPhone 16 Plus  6.7   - Clear                                               , iPhone 16 Plus   , screen_protector, tempered_glass, Gripp     ,    11,     21,     3,     0.0,         1, iPhone
Robocare iPhone 16 Plus TEMPERED GLASS 3D Dust Prevention edge to edge Glass                                      , iPhone 16 Plus   , screen_protector, tempered_glass, Robocare  ,    11,     21,     3,     0.0,         1, iPhone
Gripp Dust Proof 3D Tempered Glass for Apple iPhone 16 Pro  6.3   - Black                                         , iPhone 16 Pro    , screen_protector, tempered_glass, Gripp     ,    11,     21,     3,    68.0,        63, iPhone
Gripp Tempered Glass 0.3mm  for Apple iPhone 16 PRO  6.3   - Clear                                                , iPhone 16 Pro    , screen_protector, tempered_glass, Gripp     ,    11,     21,     3,     3.0,         0, iPhone
Robocare iPhone 16 Pro TEMPERED GLASS 3D Dust Prevention edge to edge Glass                                       , iPhone 16 Pro    , screen_protector, tempered_glass, Robocare  ,    11,     21,     3,     1.0,         2, iPhone
Gripp Dust Proof 3D Tempered Glass for Apple iPhone 16 Pro Max  6.9   - Black                                     , iPhone 16 Pro Max, screen_protector, tempered_glass, Gripp     ,    11,     21,     3,   179.0,       200, iPhone
Gripp FOCAL Camera Lens Protector 3N1  Compatible with Apple iPhone 16 Pro   iPhone 16 Pro Max  - Gold            , iPhone 16 Pro Max, screen_protector, lens_protector, Gripp     ,    11,     21,     3,   530.0,       458, iPhone
Gripp FOCAL Camera Lens Protector 3N1  Compatible with Apple iPhone 16 Pro   iPhone 16 Pro Max  - Natural Titanium, iPhone 16 Pro Max, screen_protector, lens_protector, Gripp     ,    11,     21,     3,   351.0,       239, iPhone
Gripp FOCAL Camera Lens Protector 3N1  Compatible with Apple iPhone 16 Pro   iPhone 16 Pro Max  - Silver          , iPhone 16 Pro Max, screen_protector, lens_protector, Gripp     ,    11,     21,     3,   210.0,       207, iPhone
Gripp FOCAL Camera Lens Protector 3N1 Compatible with Apple iPhone 16 Pro   iPhone 16 Pro Max  - Black            , iPhone 16 Pro Max, screen_protector, lens_protector, Gripp     ,    11,     21,     3,   275.0,       251, iPhone
Gripp Tempered Glass 0.3mm  for Apple iPhone 16 Pro Max  6.9   - Clear                                            , iPhone 16 Pro Max, screen_protector, tempered_glass, Gripp     ,    11,     21,     3,     1.0,         0, iPhone
Robocare iPhone 16 Pro Max TEMPERED GLASS 3D Dust Prevention edge to edge Glass                                   , iPhone 16 Pro Max, screen_protector, tempered_glass, Robocare  ,    11,     21,     3,     6.0,         6, iPhone
AT Minimal Case For iPhone 15- 81016- Clear                                                                       , iPhone 15 Base   , case            , minimal       , AT Minimal,    11,     21,     3,     1.0,         0, iPhone
AT Minimal Magsafe Case For iPhone 15 -81054 -Clear                                                               , iPhone 15 Base   , case            , magsafe       , AT Minimal,    11,     21,     3,    18.0,         5, iPhone
Gripp Alpine Case for Apple iPhone 15(6.1) - Black                                                                , iPhone 15 Base   , case            , alpine        , Gripp     ,    11,     21,     3,     5.0,         2, iPhone
Gripp Alpine Magsafe Case for Apple iPhone 15(6.1) - Black                                                        , iPhone 15 Base   , case            , magsafe       , Gripp     ,    11,     21,     3,     9.0,         4, iPhone
Gripp Bolt Case for Apple iPhone 15 (6.1) - Black                                                                 , iPhone 15 Base   , case            , bolt          , Gripp     ,    11,     21,     3,     4.0,         3, iPhone
Gripp Bolt Case for Apple iPhone 15 Max (6.7) - Black                                                             , iPhone 15 Base   , case            , bolt          , Gripp     ,    11,     21,     3,   157.0,        61, iPhone
Gripp Bolt MagSafe Case for Apple iPhone 15 (6.1) - Black                                                         , iPhone 15 Base   , case            , magsafe       , Gripp     ,    11,     21,     3,     6.0,         7, iPhone
Gripp Bolt MagSafe Case for Apple iPhone 15 Max (6.7) - Black                                                     , iPhone 15 Base   , case            , magsafe       , Gripp     ,    11,     21,     3,    97.0,        52, iPhone
Gripp CLARION Case for Apple iPhone 15 (6.1) - Black                                                              , iPhone 15 Base   , case            , clarion       , Gripp     ,    11,     21,     3,     8.0,         8, iPhone
Gripp CLARION Case for Apple iPhone 15 Max (6.7) - Black                                                          , iPhone 15 Base   , case            , clarion       , Gripp     ,    11,     21,     3,    68.0,        22, iPhone
Gripp CLARION MAGSAFE Case for Apple iPhone 15 (6.1) - Black                                                      , iPhone 15 Base   , case            , magsafe       , Gripp     ,    11,     21,     3,    15.0,         8, iPhone
Gripp CLARION MAGSAFE Case for Apple iPhone 15 Max  6.7    Black                                                  , iPhone 15 Base   , case            , magsafe       , Gripp     ,    11,     21,     3,    55.0,        33, iPhone
Gripp Clear Case for Apple iPhone 15 (6.1) - Clear                                                                , iPhone 15 Base   , case            , clear         , Gripp     ,    11,     21,     3,    30.0,         8, iPhone
Gripp Clear Case for Apple iPhone 15 Max (6.7) - Clear                                                            , iPhone 15 Base   , case            , clear         , Gripp     ,    11,     21,     3,   196.0,        45, iPhone
Gripp Clear MagSafe Case for Apple iPhone 15 (6.1) with White Ring - Clear                                        , iPhone 15 Base   , case            , magsafe       , Gripp     ,    11,     21,     3,    20.0,         8, iPhone
Gripp Clear MagSafe Case for Apple iPhone 15 Max  6.7  with White Ring - Clear                                    , iPhone 15 Base   , case            , magsafe       , Gripp     ,    11,     21,     3,   421.0,       130, iPhone
Gripp Combat Case for Apple iPhone 15 (6.1) - Clear                                                               , iPhone 15 Base   , case            , combat        , Gripp     ,    11,     21,     3,     7.0,         3, iPhone
Gripp Combat Case for Apple iPhone 15 (6.1) - Smoke                                                               , iPhone 15 Base   , case            , combat        , Gripp     ,    11,     21,     3,    10.0,         1, iPhone
Gripp Combat Case for Apple iPhone 15 Max (6.7) - Smoke                                                           , iPhone 15 Base   , case            , combat        , Gripp     ,    11,     21,     3,     8.0,         1, iPhone
Gripp Combat Magsafe Case for Apple iPhone 15 (6.1) - Clear                                                       , iPhone 15 Base   , case            , magsafe       , Gripp     ,    11,     21,     3,     4.0,         1, iPhone
Gripp Combat Magsafe Case for Apple iPhone 15 (6.1) - Smoke                                                       , iPhone 15 Base   , case            , magsafe       , Gripp     ,    11,     21,     3,     7.0,         6, iPhone
Gripp Combat Magsafe Case for Apple iPhone 15 Max (6.7) - Clear                                                   , iPhone 15 Base   , case            , magsafe       , Gripp     ,    11,     21,     3,     4.0,        10, iPhone
Gripp Defender Case for Apple iPhone 15 (6.1) - Black                                                             , iPhone 15 Base   , case            , defender      , Gripp     ,    11,     21,     3,     7.0,         1, iPhone
Gripp Defender Case for Apple iPhone 15 Max (6.7) - Black                                                         , iPhone 15 Base   , case            , defender      , Gripp     ,    11,     21,     3,    11.0,        12, iPhone
Gripp Defender Magsafe Case for Apple iPhone 15 (6.1) - Black                                                     , iPhone 15 Base   , case            , magsafe       , Gripp     ,    11,     21,     3,     7.0,         6, iPhone
Gripp Defender Magsafe Case for Apple iPhone 15 Max (6.7) - Black                                                 , iPhone 15 Base   , case            , magsafe       , Gripp     ,    11,     21,     3,     3.0,        12, iPhone
Gripp HERITAGE XTREME Magsafe Case for Apple iPhone 15 Max- Black                                                 , iPhone 15 Base   , case            , magsafe       , Gripp     ,    11,     21,     3,    48.0,        32, iPhone
Gripp HERITAGE XTREME Magsafe Case for Apple iPhone 15- Black                                                     , iPhone 15 Base   , case            , magsafe       , Gripp     ,    11,     21,     3,     4.0,         4, iPhone
Gripp ICE FROST Case for Apple iPhone 15 (6.1) - Clear Frost                                                      , iPhone 15 Base   , case            , frost         , Gripp     ,    11,     21,     3,     9.0,         4, iPhone
Gripp ICE FROST MagSafe Case for Apple iPhone 15 (6.1) with White Ring - Clear Frost                              , iPhone 15 Base   , case            , magsafe       , Gripp     ,    11,     21,     3,    61.0,        38, iPhone
Gripp ICE FROST MagSafe Case for Apple iPhone 15 Max (6.7) with White Ring - Clear Frost                          , iPhone 15 Base   , case            , magsafe       , Gripp     ,    11,     21,     3,   128.0,        72, iPhone
Gripp NEO Case for Apple iPhone 15 (6.1) - Smoke                                                                  , iPhone 15 Base   , case            , neo           , Gripp     ,    11,     21,     3,    10.0,         4, iPhone
Gripp NEO Case for Apple iPhone 15 Max (6.7) - Smoke                                                              , iPhone 15 Base   , case            , neo           , Gripp     ,    11,     21,     3,    55.0,        21, iPhone
Gripp NEO MagSafe Case for Apple iPhone 15 (6.1) - Smoke                                                          , iPhone 15 Base   , case            , magsafe       , Gripp     ,    11,     21,     3,    11.0,         5, iPhone
Gripp NEO MagSafe Case for Apple iPhone 15 Max (6.7) - Smoke                                                      , iPhone 15 Base   , case            , magsafe       , Gripp     ,    11,     21,     3,    90.0,        41, iPhone
Gripp NEO XTREME Magsafe Case for Apple iPhone 15 (6.1) - Clear                                                   , iPhone 15 Base   , case            , magsafe       , Gripp     ,    11,     21,     3,     7.0,         4, iPhone
Gripp NEO XTREME Magsafe Case for Apple iPhone 15 (6.1) - Smoke                                                   , iPhone 15 Base   , case            , magsafe       , Gripp     ,    11,     21,     3,     4.0,         6, iPhone
Gripp Raigor Magsafe case for Apple iPhone 15 (6.1) - Black                                                       , iPhone 15 Base   , case            , magsafe       , Gripp     ,    11,     21,     3,     0.0,         1, iPhone
Gripp Rubon Magsafe Case for Apple iPhone 15 (6.1) - Black                                                        , iPhone 15 Base   , case            , magsafe       , Gripp     ,    11,     21,     3,     3.0,         3, iPhone
Gripp Rubon Magsafe Case for Apple iPhone 15 (6.1) - Grey                                                         , iPhone 15 Base   , case            , magsafe       , Gripp     ,    11,     21,     3,     1.0,         2, iPhone
Gripp Rubon Magsafe Case for Apple iPhone 15 (6.1) - Sierra Blue                                                  , iPhone 15 Base   , case            , magsafe       , Gripp     ,    11,     21,     3,    10.0,        10, iPhone
Gripp Rubon Magsafe Case for Apple iPhone 15 Max (6.7) - Black                                                    , iPhone 15 Base   , case            , magsafe       , Gripp     ,    11,     21,     3,    73.0,        34, iPhone
Gripp Slim Fit Magsafe Case for Apple  iPhone 15 Max  6.7  - Black                                                , iPhone 15 Base   , case            , magsafe       , Gripp     ,    11,     21,     3,     8.0,         8, iPhone
Gripp Slim Fit Magsafe Case for Apple  iPhone 15 Max  6.7  - Blue                                                 , iPhone 15 Base   , case            , magsafe       , Gripp     ,    11,     21,     3,    16.0,         5, iPhone
Gripp Slim Fit Magsafe Case for Apple  iPhone 15 Max  6.7  - Transparent                                          , iPhone 15 Base   , case            , magsafe       , Gripp     ,    11,     21,     3,    19.0,         8, iPhone
Gripp Vintage Magsafe Case for Apple iPhone 15 (6.1) - Black                                                      , iPhone 15 Base   , case            , magsafe       , Gripp     ,    11,     21,     3,     5.0,         0, iPhone
Gripp Vintage Magsafe Case for Apple iPhone 15 Max (6.7) - Black                                                  , iPhone 15 Base   , case            , magsafe       , Gripp     ,    11,     21,     3,    42.0,        13, iPhone
HYPHEN AIRE Clear Soft Case - iPhone 15 - 6.1                                                                     , iPhone 15 Base   , case            , soft          , Hyphen    ,    11,     21,     3,     3.0,         3, iPhone
HYPHEN AIRE MagSafe Clear Case - iPhone 15 - 6.1 10ft Drop-Tested Case                                            , iPhone 15 Base   , case            , clear         , Hyphen    ,    11,     21,     3,    22.0,        13, iPhone
HYPHEN DURO Drop Case - iPhone 15 - 6.1 10ft Drop-Tested Case                                                     , iPhone 15 Base   , case            , drop          , Hyphen    ,    11,     21,     3,     7.0,         5, iPhone
HYPHEN DURO MagSafe Drop Case - iPhone 15 - 6.1 10ft Drop-Tested Case                                             , iPhone 15 Base   , case            , drop          , Hyphen    ,    11,     21,     3,    20.0,         4, iPhone
HYPHEN LUCD MagSafe Case - iPhone 15 - 6.1                                                                        , iPhone 15 Base   , case            , magsafe       , Hyphen    ,    11,     21,     3,    13.0,         9, iPhone
Pulse Armor Magsafe case for iPhone 15 Black                                                                      , iPhone 15 Base   , case            , magsafe       , Pulse     ,    11,     21,     3,   269.0,        74, iPhone
Pulse Clear Magsafe Case for iPhone 15-Clear                                                                      , iPhone 15 Base   , case            , magsafe       , Pulse     ,    11,     21,     3,   291.0,        58, iPhone
Pulse FROSTED Case for iPhone 15-Black                                                                            , iPhone 15 Base   , case            , frosted       , Pulse     ,    11,     21,     3,   270.0,        85, iPhone
Pulse HORNOR Case for iPhone 15-Black                                                                             , iPhone 15 Base   , case            , hornor        , Pulse     ,    11,     21,     3,   304.0,        80, iPhone
Pulse HORNOR Case for iPhone 15-Blue                                                                              , iPhone 15 Base   , case            , hornor        , Pulse     ,    11,     21,     3,   216.0,        55, iPhone
Pulse LIQUID silicon case for iPhone 15-Black                                                                     , iPhone 15 Base   , case            , silicon       , Pulse     ,    11,     21,     3,   290.0,        98, iPhone
Pulse LIQUID silicon case for iPhone 15-Storm Blue                                                                , iPhone 15 Base   , case            , silicon       , Pulse     ,    11,     21,     3,   291.0,       102, iPhone
Pulse Newton Magsafe Case for iPhone 15-Black                                                                     , iPhone 15 Base   , case            , magsafe       , Pulse     ,    11,     21,     3,   289.0,        77, iPhone
Pulse Newton Magsafe Case for iPhone 15-Blue                                                                      , iPhone 15 Base   , case            , magsafe       , Pulse     ,    11,     21,     3,   241.0,        81, iPhone
Pulse Newton Magsafe Case for iPhone 15-Grey                                                                      , iPhone 15 Base   , case            , magsafe       , Pulse     ,    11,     21,     3,   297.0,       103, iPhone
Pulse Super crystal magsafe case for iPhone 15-Black                                                              , iPhone 15 Base   , case            , magsafe       , Pulse     ,    11,     21,     3,   315.0,        90, iPhone
Pulse Super crystal magsafe case for iPhone 15-Clear                                                              , iPhone 15 Base   , case            , magsafe       , Pulse     ,    11,     21,     3,   259.0,        56, iPhone
Pulse TANK Gradient Magsafe case for iPhone 15-Blue                                                               , iPhone 15 Base   , case            , magsafe       , Pulse     ,    11,     21,     3,   256.0,        86, iPhone
Pulse THOR Leather case for iPhone 15-Black                                                                       , iPhone 15 Base   , case            , leather       , Pulse     ,    11,     21,     3,   284.0,       109, iPhone
Pulse THOR Leather case for iPhone 15-Blue                                                                        , iPhone 15 Base   , case            , leather       , Pulse     ,    11,     21,     3,   283.0,        98, iPhone
Pulse Tire magsafe case for iPhone 15 Black                                                                       , iPhone 15 Base   , case            , magsafe       , Pulse     ,    11,     21,     3,   290.0,        98, iPhone
Roskilde MagSafe - iPhone 15 - Black                                                                              , iPhone 15 Base   , other           ,               , Roskilde  ,    11,     21,     3,     4.0,         6, iPhone
Roskilde MagSafe - iPhone 15 - Tan                                                                                , iPhone 15 Base   , other           ,               , Roskilde  ,    11,     21,     3,     1.0,         4, iPhone
AT Minimal Case For iPhone 15 plus- 81023- Clear                                                                  , iPhone 15 Plus   , case            , minimal       , AT Minimal,    11,     21,     3,     1.0,         1, iPhone
AT Minimal Magsafe Case For iPhone 15 Plus-81061-Clear                                                            , iPhone 15 Plus   , case            , magsafe       , AT Minimal,    11,     21,     3,    16.0,         2, iPhone
HYPHEN AIRE Clear Soft Case - iPhone 15 Plus - 6.7                                                                , iPhone 15 Plus   , case            , soft          , Hyphen    ,    11,     21,     3,     3.0,         1, iPhone
HYPHEN AIRE MagSafe Clear Case - iPhone 15 Plus - 6.7 10ft Drop-Tested Case                                       , iPhone 15 Plus   , case            , clear         , Hyphen    ,    11,     21,     3,     4.0,         1, iPhone
HYPHEN DURO Drop Case - iPhone 15 Plus - 6.7 10ft Drop-Tested Case                                                , iPhone 15 Plus   , case            , drop          , Hyphen    ,    11,     21,     3,     0.0,         2, iPhone
HYPHEN LUCD Magsafe Case Case - iPhone 15 Plus - 6.7                                                              , iPhone 15 Plus   , case            , magsafe       , Hyphen    ,    11,     21,     3,     1.0,         1, iPhone
Roskilde MagSafe - iPhone 15 Plus - Black                                                                         , iPhone 15 Plus   , other           ,               , Roskilde  ,    11,     21,     3,     5.0,         3, iPhone
nmaxn IPhone 15 Plus Case 750 Series Navy Blue  Handmade   Fully Covered   Nature Pattern AP 15PL 7503            , iPhone 15 Plus   , case            , plus          , nmaxn     ,    11,     21,     3,     0.0,         1, iPhone
nmaxn iPhone 15 Plus Case 750 Series Capsicum Red/ Handmade - Fully Covered / Nature Pattern  AP-15PL-7504        , iPhone 15 Plus   , case            , plus          , nmaxn     ,    11,     21,     3,     0.0,         1, iPhone
Gripp Alpine Case for Apple iPhone 15 Pro (6.1) - Black                                                           , iPhone 15 Pro    , case            , alpine        , Gripp     ,    11,     21,     3,     1.0,         0, iPhone
Gripp Alpine Magsafe Case for Apple iPhone 15 Pro (6.1) - Black                                                   , iPhone 15 Pro    , case            , magsafe       , Gripp     ,    11,     21,     3,     1.0,         2, iPhone
Gripp Bolt Case for Apple iPhone 15 Pro  6.1  - Black                                                             , iPhone 15 Pro    , case            , bolt          , Gripp     ,    11,     21,     3,     1.0,         1, iPhone
Gripp Bolt MagSafe Case for Apple iPhone 15 Pro (6.1) - Black                                                     , iPhone 15 Pro    , case            , magsafe       , Gripp     ,    11,     21,     3,     0.0,         1, iPhone
Gripp CLARION Case for Apple iPhone 15 Pro (6.1) - Black                                                          , iPhone 15 Pro    , case            , clarion       , Gripp     ,    11,     21,     3,     1.0,         5, iPhone
Gripp CLARION MAGSAFE Case for Apple iPhone 15 Pro (6.1) - Black                                                  , iPhone 15 Pro    , case            , magsafe       , Gripp     ,    11,     21,     3,     4.0,         5, iPhone
Gripp Clear Case for Apple iPhone 15 Pro (6.1) - Clear                                                            , iPhone 15 Pro    , case            , clear         , Gripp     ,    11,     21,     3,     1.0,         7, iPhone
Gripp Clear MagSafe Case for Apple iPhone 15 Pro (6.1) with White Ring - Clear                                    , iPhone 15 Pro    , case            , magsafe       , Gripp     ,    11,     21,     3,     8.0,        15, iPhone
Gripp Combat Case for Apple iPhone 15 Pro (6.1) - Clear                                                           , iPhone 15 Pro    , case            , combat        , Gripp     ,    11,     21,     3,     1.0,         1, iPhone
Gripp Combat Case for Apple iPhone 15 Pro (6.1) - Smoke                                                           , iPhone 15 Pro    , case            , combat        , Gripp     ,    11,     21,     3,     0.0,         1, iPhone
Gripp Combat Magsafe Case for Apple iPhone 15 Pro (6.1) - Clear                                                   , iPhone 15 Pro    , case            , magsafe       , Gripp     ,    11,     21,     3,     0.0,         4, iPhone
Gripp Defender Case for Apple iPhone 15 Pro (6.1) - Black                                                         , iPhone 15 Pro    , case            , defender      , Gripp     ,    11,     21,     3,     1.0,         0, iPhone
Gripp Defender Magsafe Case for Apple iPhone 15 Pro  6.1  - Black                                                 , iPhone 15 Pro    , case            , magsafe       , Gripp     ,    11,     21,     3,     4.0,         4, iPhone
Gripp ICE frost Case for Apple iPhone 15 Pro (6.1) - Clear Frost                                                  , iPhone 15 Pro    , case            , frost         , Gripp     ,    11,     21,     3,     0.0,         3, iPhone
Gripp ICE frost MagSafe Case for Apple iPhone 15 Pro (6.1) with White Ring - Clear Frost                          , iPhone 15 Pro    , case            , magsafe       , Gripp     ,    11,     21,     3,     0.0,         1, iPhone
Gripp NEO Case for Apple iPhone 15 Pro (6.1) - Smoke                                                              , iPhone 15 Pro    , case            , neo           , Gripp     ,    11,     21,     3,     0.0,         1, iPhone
Gripp Rubon MagSafe Case for Apple iPhone 15 Pro (6.1) - Black                                                    , iPhone 15 Pro    , case            , magsafe       , Gripp     ,    11,     21,     3,     0.0,         5, iPhone
Gripp Rubon MagSafe Case for Apple iPhone 15 Pro (6.1) - Grey                                                     , iPhone 15 Pro    , case            , magsafe       , Gripp     ,    11,     21,     3,     0.0,         2, iPhone
Gripp Rubon MagSafe Case for Apple iPhone 15 Pro (6.1) - Sierra Blue                                              , iPhone 15 Pro    , case            , magsafe       , Gripp     ,    11,     21,     3,     1.0,         8, iPhone
Gripp Vintage Magsafe Case for Apple iPhone 15 Pro (6.1) - Black                                                  , iPhone 15 Pro    , case            , magsafe       , Gripp     ,    11,     21,     3,     0.0,         2, iPhone
HYPHEN AIRE Clear Soft Case - iPhone 15 Pro - 6.1                                                                 , iPhone 15 Pro    , case            , soft          , Hyphen    ,    11,     21,     3,     2.0,         2, iPhone
HYPHEN AIRE MagSafe Clear Case - iPhone 15 Pro - 6.1 10ft Drop-Tested Case                                        , iPhone 15 Pro    , case            , clear         , Hyphen    ,    11,     21,     3,     0.0,         4, iPhone
HYPHEN DURO Drop Case - iPhone 15 Pro - 6.1 10ft Drop-Tested Case                                                 , iPhone 15 Pro    , case            , drop          , Hyphen    ,    11,     21,     3,     5.0,         5, iPhone
HYPHEN DURO MagSafe Drop Case - iPhone 15 Pro - 6.1 10ft Drop-Tested Case                                         , iPhone 15 Pro    , case            , drop          , Hyphen    ,    11,     21,     3,     1.0,         1, iPhone
HYPHEN LUCD Magsafe Case Case - iPhone 15 Pro - 6.1                                                               , iPhone 15 Pro    , case            , magsafe       , Hyphen    ,    11,     21,     3,     0.0,         2, iPhone
HYPHEN NOCT MagSafe Frame Case - Black - iPhone 15 Pro - 6.1                                                      , iPhone 15 Pro    , case            , frame         , Hyphen    ,    11,     21,     3,     0.0,         1, iPhone
HYPHEN NOCT MagSafe Frame Case - Titanium Grey - iPhone 15 Pro - 6.1                                              , iPhone 15 Pro    , case            , frame         , Hyphen    ,    11,     21,     3,     1.0,         1, iPhone
Pulse Armor Magsafe case for iPhone 15 Pro Black                                                                  , iPhone 15 Pro    , case            , magsafe       , Pulse     ,    11,     21,     3,    43.0,        77, iPhone
Pulse Tire magsafe case for iPhone 15 Pro Black                                                                   , iPhone 15 Pro    , case            , magsafe       , Pulse     ,    11,     21,     3,    40.0,        83, iPhone
Roskilde MagSafe - iPhone 15 Pro - Tan                                                                            , iPhone 15 Pro    , other           ,               , Roskilde  ,    11,     21,     3,     0.0,         5, iPhone
nmaxn IPhone 15 Pro Case 750 Series Capsicum Red/ Handmade - Fully Covered / Nature Pattern AP-15PR-7504          , iPhone 15 Pro    , case            , pro           , nmaxn     ,    11,     21,     3,     0.0,         1, iPhone
nmaxn iPhone 15 Pro Case 750 Series Brown  Handmade   Fully Covered   Nature Pattern AP 15PR 7502                 , iPhone 15 Pro    , case            , pro           , nmaxn     ,    11,     21,     3,     0.0,         1, iPhone
AT Minimal Magsafe Case For iPhone 15 Pro Max-81085-Clear                                                         , iPhone 15 Pro Max, case            , magsafe       , AT Minimal,    11,     21,     3,     8.0,         9, iPhone
AT Minimal Magsafe Case For iPhone 15 Pro Max-81108-Gray                                                          , iPhone 15 Pro Max, case            , magsafe       , AT Minimal,    11,     21,     3,     1.0,         1, iPhone
AT Minimal Magsafe Case For iPhone 15 Pro Max-81122-Blue                                                          , iPhone 15 Pro Max, case            , magsafe       , AT Minimal,    11,     21,     3,     1.0,         1, iPhone
AT Titan Pro Magsafe Case For iPhone 15 Pro Max-81269-Clear                                                       , iPhone 15 Pro Max, case            , magsafe       , Apple     ,    11,     21,     3,     0.0,         1, iPhone
Gripp Alpine Case for Apple iPhone 15 Pro Max (6.7) - Black                                                       , iPhone 15 Pro Max, case            , alpine        , Gripp     ,    11,     21,     3,     1.0,         1, iPhone
Gripp Alpine Magsafe Case for Apple iPhone 15 Pro Max (6.7) - Black                                               , iPhone 15 Pro Max, case            , magsafe       , Gripp     ,    11,     21,     3,     0.0,         3, iPhone
Gripp Bolt Case for Apple iPhone 15 Pro Max (6.7) - Black                                                         , iPhone 15 Pro Max, case            , bolt          , Gripp     ,    11,     21,     3,     7.0,        15, iPhone
Gripp Bolt MagSafe Case for Apple iPhone 15 Pro Max (6.7) - Black                                                 , iPhone 15 Pro Max, case            , magsafe       , Gripp     ,    11,     21,     3,     0.0,         2, iPhone
Gripp CLARION Case for Apple iPhone 15 Pro Max (6.7) - Black                                                      , iPhone 15 Pro Max, case            , clarion       , Gripp     ,    11,     21,     3,     1.0,         4, iPhone
Gripp CLARION MAGSAFE Case for Apple iPhone 15 Pro Max (6.7) - Black                                              , iPhone 15 Pro Max, case            , magsafe       , Gripp     ,    11,     21,     3,     6.0,         5, iPhone
Gripp Clear Case for Apple iPhone 15 Pro Max (6.7) - Clear                                                        , iPhone 15 Pro Max, case            , clear         , Gripp     ,    11,     21,     3,     7.0,        10, iPhone
Gripp Clear MagSafe Case for Apple iPhone 15 Pro Max (6.7) with White Ring - Clear                                , iPhone 15 Pro Max, case            , magsafe       , Gripp     ,    11,     21,     3,     4.0,         8, iPhone
Gripp Combat Case for Apple iPhone 15 Pro Max (6.7) - Clear                                                       , iPhone 15 Pro Max, case            , combat        , Gripp     ,    11,     21,     3,     1.0,         9, iPhone
Gripp Combat Case for Apple iPhone 15 Pro Max (6.7) - Smoke                                                       , iPhone 15 Pro Max, case            , combat        , Gripp     ,    11,     21,     3,     1.0,         4, iPhone
Gripp Combat Magsafe Case for Apple iPhone 15 Pro Max (6.7) - Clear                                               , iPhone 15 Pro Max, case            , magsafe       , Gripp     ,    11,     21,     3,     2.0,         2, iPhone
Gripp Combat Magsafe Case for Apple iPhone 15 Pro Max (6.7) - Smoke                                               , iPhone 15 Pro Max, case            , magsafe       , Gripp     ,    11,     21,     3,     3.0,         4, iPhone
Gripp Defender Case for Apple iPhone 15 Pro Max (6.7) - Black                                                     , iPhone 15 Pro Max, case            , defender      , Gripp     ,    11,     21,     3,     3.0,         3, iPhone
Gripp Defender Magsafe Case for Apple iPhone 15 Pro Max (6.7) - Black                                             , iPhone 15 Pro Max, case            , magsafe       , Gripp     ,    11,     21,     3,     3.0,         5, iPhone
Gripp HERITAGE XTREME Magsafe Case for Apple iPhone 15 Pro Max(6.7) - Camel                                       , iPhone 15 Pro Max, case            , magsafe       , Gripp     ,    11,     21,     3,     2.0,        19, iPhone
Gripp HERITAGE XTREME Magsafe Case for Apple iPhone 15 Pro Max(6.7) - Grey                                        , iPhone 15 Pro Max, case            , magsafe       , Gripp     ,    11,     21,     3,     1.0,         7, iPhone
Gripp HERITAGE XTREME Magsafe Case for Apple iPhone 15 Pro Max- Black                                             , iPhone 15 Pro Max, case            , magsafe       , Gripp     ,    11,     21,     3,     4.0,        14, iPhone
Gripp HERITAGE XTREME Magsafe Case for Apple iPhone 15 Pro Max- Blue                                              , iPhone 15 Pro Max, case            , magsafe       , Gripp     ,    11,     21,     3,     0.0,         2, iPhone
Gripp HERITAGE XTREME Magsafe Case for Apple iPhone 15 Pro Max- Brown                                             , iPhone 15 Pro Max, case            , magsafe       , Gripp     ,    11,     21,     3,     0.0,        10, iPhone
Gripp ICE frost Case for Apple iPhone 15 Pro Max (6.7) - Clear Frost                                              , iPhone 15 Pro Max, case            , frost         , Gripp     ,    11,     21,     3,     0.0,         2, iPhone
Gripp ICE frost MagSafe Case for Apple iPhone 15 Pro Max (6.7) with White Ring - Clear Frost                      , iPhone 15 Pro Max, case            , magsafe       , Gripp     ,    11,     21,     3,     3.0,         6, iPhone
Gripp NEO Case for Apple iPhone 15 Pro Max (6.7) - Smoke                                                          , iPhone 15 Pro Max, case            , neo           , Gripp     ,    11,     21,     3,     0.0,         1, iPhone
Gripp NEO MagSafe Case for Apple iPhone 15 Pro Max (6.7) - Smoke                                                  , iPhone 15 Pro Max, case            , magsafe       , Gripp     ,    11,     21,     3,     0.0,         6, iPhone
Gripp NEO XTREME Magsafe Case for Apple iPhone 15 Pro Max(6.7) - Clear                                            , iPhone 15 Pro Max, case            , magsafe       , Gripp     ,    11,     21,     3,     1.0,         5, iPhone
Gripp NEO XTREME Magsafe Case for Apple iPhone 15 Pro Max(6.7) - Smoke                                            , iPhone 15 Pro Max, case            , magsafe       , Gripp     ,    11,     21,     3,     0.0,         3, iPhone
Gripp Raigor Magsafe case for Apple iPhone 15 Pro Max (6.7) - Black                                               , iPhone 15 Pro Max, case            , magsafe       , Gripp     ,    11,     21,     3,     1.0,         2, iPhone
Gripp Raigor Magsafe case for Apple iPhone 15 Pro Max (6.7) - Blue                                                , iPhone 15 Pro Max, case            , magsafe       , Gripp     ,    11,     21,     3,     0.0,         3, iPhone
Gripp Raigor Magsafe case for Apple iPhone 15 Pro Max (6.7) - Red                                                 , iPhone 15 Pro Max, case            , magsafe       , Gripp     ,    11,     21,     3,     0.0,         1, iPhone
Gripp Rubon Magsafe Case for Apple iPhone 15 Pro Max (6.7) - Black                                                , iPhone 15 Pro Max, case            , magsafe       , Gripp     ,    11,     21,     3,     3.0,         3, iPhone
Gripp Rubon Magsafe Case for Apple iPhone 15 Pro Max (6.7) - Grey                                                 , iPhone 15 Pro Max, case            , magsafe       , Gripp     ,    11,     21,     3,     1.0,         2, iPhone
Gripp Rubon Magsafe Case for Apple iPhone 15 Pro Max (6.7) - Sierra Blue                                          , iPhone 15 Pro Max, case            , magsafe       , Gripp     ,    11,     21,     3,     5.0,        11, iPhone
HYPHEN AIRE Clear Soft Case - iPhone 15 Pro Max - 6.7                                                             , iPhone 15 Pro Max, case            , soft          , Hyphen    ,    11,     21,     3,     1.0,         6, iPhone
HYPHEN AIRE MagSafe Clear Case - iPhone 15 Pro Max - 6.7 10ft Drop-Tested Case                                    , iPhone 15 Pro Max, case            , clear         , Hyphen    ,    11,     21,     3,     7.0,        11, iPhone
HYPHEN DURO Drop Case - iPhone 15 Pro Max - 6.7 10ft Drop-Tested Case                                             , iPhone 15 Pro Max, case            , drop          , Hyphen    ,    11,     21,     3,     8.0,        10, iPhone
HYPHEN DURO MagSafe Drop Case - iPhone 15 Pro Max - 6.7 10ft Drop-Tested Case                                     , iPhone 15 Pro Max, case            , drop          , Hyphen    ,    11,     21,     3,     1.0,        11, iPhone
HYPHEN LUCD Magsafe Case Case - iPhone 15 Pro Max - 6.7                                                           , iPhone 15 Pro Max, case            , magsafe       , Hyphen    ,    11,     21,     3,     3.0,         5, iPhone
Pulse Armor Magsafe case for iPhone 15 Pro Max Black                                                              , iPhone 15 Pro Max, case            , magsafe       , Pulse     ,    11,     21,     3,    81.0,       117, iPhone
Pulse Clear Magsafe Case for iPhone 15 Pro Max-Clear                                                              , iPhone 15 Pro Max, case            , magsafe       , Pulse     ,    11,     21,     3,    51.0,        76, iPhone
Pulse FROSTED Case for iPhone 15 Pro Max-Black                                                                    , iPhone 15 Pro Max, case            , frosted       , Pulse     ,    11,     21,     3,    88.0,       139, iPhone
Pulse HORNOR Case for iPhone 15 Pro Max-Black                                                                     , iPhone 15 Pro Max, case            , hornor        , Pulse     ,    11,     21,     3,    66.0,       124, iPhone
Pulse HORNOR Case for iPhone 15 Pro Max-Blue                                                                      , iPhone 15 Pro Max, case            , hornor        , Pulse     ,    11,     21,     3,    46.0,        85, iPhone
Pulse LIQUID silicon case for iPhone 15 Pro Max-Black                                                             , iPhone 15 Pro Max, case            , silicon       , Pulse     ,    11,     21,     3,    80.0,       108, iPhone
Pulse LIQUID silicon case for iPhone 15 Pro Max-Storm Blue                                                        , iPhone 15 Pro Max, case            , silicon       , Pulse     ,    11,     21,     3,    65.0,       109, iPhone
Pulse Newton Magsafe Case for iPhone 15 Pro Max-Black                                                             , iPhone 15 Pro Max, case            , magsafe       , Pulse     ,    11,     21,     3,    69.0,        90, iPhone
Pulse Newton Magsafe Case for iPhone 15 Pro Max-Blue                                                              , iPhone 15 Pro Max, case            , magsafe       , Pulse     ,    11,     21,     3,    53.0,       105, iPhone
Pulse Newton Magsafe Case for iPhone 15 Pro Max-Grey                                                              , iPhone 15 Pro Max, case            , magsafe       , Pulse     ,    11,     21,     3,    71.0,       142, iPhone
Pulse Super crystal magsafe case for iPhone 15 Pro Max-Black                                                      , iPhone 15 Pro Max, case            , magsafe       , Pulse     ,    11,     21,     3,    91.0,       114, iPhone
Pulse Super crystal magsafe case for iPhone 15 Pro Max-Clear                                                      , iPhone 15 Pro Max, case            , magsafe       , Pulse     ,    11,     21,     3,    84.0,       110, iPhone
Pulse TANK Gradient Magsafe case for iPhone 15 Pro Max-Blue                                                       , iPhone 15 Pro Max, case            , magsafe       , Pulse     ,    11,     21,     3,    69.0,       140, iPhone
Pulse THOR Leather case for iPhone 15 Pro Max-Black                                                               , iPhone 15 Pro Max, case            , leather       , Pulse     ,    11,     21,     3,    85.0,       119, iPhone
Pulse THOR Leather case for iPhone 15 Pro Max-Blue                                                                , iPhone 15 Pro Max, case            , leather       , Pulse     ,    11,     21,     3,    78.0,       132, iPhone
Pulse TPU TPE PC shockproof case for iPhone 15 Pro Max-Black                                                      , iPhone 15 Pro Max, case            , shockproof    , Pulse     ,    11,     21,     3,   102.0,       130, iPhone
Pulse TPU TPE PC shockproof case for iPhone 15 Pro Max-Light Blue                                                 , iPhone 15 Pro Max, case            , shockproof    , Pulse     ,    11,     21,     3,    50.0,       106, iPhone
Pulse Tire magsafe case for iPhone 15 Pro Max Black                                                               , iPhone 15 Pro Max, case            , magsafe       , Pulse     ,    11,     21,     3,    83.0,       134, iPhone
Gripp Clear Case for Apple iPhone 16  6.1  - Clear                                                                , iPhone 16 Base   , case            , clear         , Gripp     ,    11,     21,     3,    62.0,        18, iPhone
Gripp Clear MagSafe Case for Apple iPhone 16  6.1  with White Ring - Clear                                        , iPhone 16 Base   , case            , magsafe       , Gripp     ,    11,     21,     3,    60.0,        21, iPhone
Gripp Dusk Magsafe Case for Apple iPhone 16  6.1  - Black                                                         , iPhone 16 Base   , case            , magsafe       , Gripp     ,    11,     21,     3,    15.0,         7, iPhone
Gripp Glacier Slim MagSafe Case for Apple iPhone 16  6.1  - Gunmetal                                              , iPhone 16 Base   , case            , magsafe       , Gripp     ,    11,     21,     3,     8.0,         1, iPhone
Gripp Glacier Slim MagSafe Case for Apple iPhone 16  6.1  - Natural Titanium                                      , iPhone 16 Base   , case            , magsafe       , Gripp     ,    11,     21,     3,     7.0,         3, iPhone
Gripp Holdit MagSafe Case for Apple iPhone 16  6.1  - Grey                                                        , iPhone 16 Base   , case            , magsafe       , Gripp     ,    11,     21,     3,     2.0,         1, iPhone
Gripp Matrix MagSafe Case for Apple iPhone 16  6.1  - Black                                                       , iPhone 16 Base   , case            , magsafe       , Gripp     ,    11,     21,     3,    14.0,         5, iPhone
Gripp STELLAR MagSafe Case for Apple iPhone 16  6.1  - Black Matte                                                , iPhone 16 Base   , case            , magsafe       , Gripp     ,    11,     21,     3,    24.0,         6, iPhone
Gripp STELLAR MagSafe Case for Apple iPhone 16  6.1  - Blue Matte                                                 , iPhone 16 Base   , case            , magsafe       , Gripp     ,    11,     21,     3,    25.0,        11, iPhone
Gripp STELLAR MagSafe Case for Apple iPhone 16  6.1  - Green Matte                                                , iPhone 16 Base   , case            , magsafe       , Gripp     ,    11,     21,     3,    65.0,        15, iPhone
Gripp STELLAR MagSafe Case for Apple iPhone 16  6.1  - Transparent                                                , iPhone 16 Base   , case            , magsafe       , Gripp     ,    11,     21,     3,    26.0,        10, iPhone
Gripp Slim Fit Magsafe Case for Apple iPhone 16  6.1  - Black                                                     , iPhone 16 Base   , case            , magsafe       , Gripp     ,    11,     21,     3,     6.0,         3, iPhone
Gripp Slim Fit Magsafe Case for Apple iPhone 16  6.1  - Blue                                                      , iPhone 16 Base   , case            , magsafe       , Gripp     ,    11,     21,     3,     7.0,         4, iPhone
Gripp Slim Fit Magsafe Case for Apple iPhone 16  6.1  - Green                                                     , iPhone 16 Base   , case            , magsafe       , Gripp     ,    11,     21,     3,    13.0,         6, iPhone
Gripp Slim Fit Magsafe Case for Apple iPhone 16  6.1  - White                                                     , iPhone 16 Base   , case            , magsafe       , Gripp     ,    11,     21,     3,     8.0,         6, iPhone
PULSE ARMOUR Case for iPhone 16-Black                                                                             , iPhone 16 Base   , case            , armour        , Pulse     ,    11,     21,     3,   296.0,        42, iPhone
PULSE ARMOUR Case for iPhone 16-Dark Blue                                                                         , iPhone 16 Base   , case            , armour        , Pulse     ,    11,     21,     3,    88.0,        11, iPhone
PULSE ARMOUR Case for iPhone 16-Matt Clear                                                                        , iPhone 16 Base   , case            , armour        , Pulse     ,    11,     21,     3,   110.0,        12, iPhone
PULSE Aluminium Rugged Magsafe Case for iPhone 16-Matt Black                                                      , iPhone 16 Base   , case            , magsafe       , Pulse     ,    11,     21,     3,   231.0,        42, iPhone
PULSE Aluminium Rugged Magsafe Case for iPhone 16-Matt Green                                                      , iPhone 16 Base   , case            , magsafe       , Pulse     ,    11,     21,     3,    55.0,         5, iPhone
PULSE Aluminium Rugged Magsafe Case for iPhone 16-Matt Grey Blue                                                  , iPhone 16 Base   , case            , magsafe       , Pulse     ,    11,     21,     3,   128.0,        15, iPhone
PULSE Matt Magsafe Case for iPhone 16-Black                                                                       , iPhone 16 Base   , case            , magsafe       , Pulse     ,    11,     21,     3,   295.0,        55, iPhone
PULSE Matt Magsafe Case for iPhone 16-Blue                                                                        , iPhone 16 Base   , case            , magsafe       , Pulse     ,    11,     21,     3,   118.0,        26, iPhone
PULSE Matt Magsafe Case for iPhone 16-Grey                                                                        , iPhone 16 Base   , case            , magsafe       , Pulse     ,    11,     21,     3,   262.0,        42, iPhone
Pulse CLEAR Case with Camera stand for iPhone 16-Black                                                            , iPhone 16 Base   , case            , clear         , Pulse     ,    11,     21,     3,   106.0,        17, iPhone
Pulse CLEAR Case with Camera stand for iPhone 16-Dark Blue                                                        , iPhone 16 Base   , case            , clear         , Pulse     ,    11,     21,     3,    94.0,        19, iPhone
Pulse CLEAR Case with Camera stand for iPhone 16-Grey                                                             , iPhone 16 Base   , case            , clear         , Pulse     ,    11,     21,     3,   120.0,        16, iPhone
Pulse CLEAR Case with Camera stand for iPhone 16-White                                                            , iPhone 16 Base   , case            , clear         , Pulse     ,    11,     21,     3,   255.0,        33, iPhone
Pulse CRYSTAL Case with Metal Camera Stand for iPhone 16-Black                                                    , iPhone 16 Base   , case            , crystal       , Pulse     ,    11,     21,     3,   149.0,        21, iPhone
Pulse CRYSTAL Case with Metal Camera Stand for iPhone 16-Grey                                                     , iPhone 16 Base   , case            , crystal       , Pulse     ,    11,     21,     3,   194.0,        32, iPhone
Pulse CRYSTAL Case with Metal Camera Stand for iPhone 16-White                                                    , iPhone 16 Base   , case            , crystal       , Pulse     ,    11,     21,     3,   385.0,        69, iPhone
Pulse SILICON Case for iPhone 16-Black                                                                            , iPhone 16 Base   , case            , silicon       , Pulse     ,    11,     21,     3,   186.0,        37, iPhone
Pulse SILICON Case for iPhone 16-Storm Blue                                                                       , iPhone 16 Base   , case            , silicon       , Pulse     ,    11,     21,     3,    84.0,        12, iPhone
Pulse Vegan Leather Case for iPhone 16-Black                                                                      , iPhone 16 Base   , case            , leather       , Pulse     ,    11,     21,     3,    92.0,        22, iPhone
Pulse Vegan Leather Case for iPhone 16-Blue                                                                       , iPhone 16 Base   , case            , leather       , Pulse     ,    11,     21,     3,    50.0,        11, iPhone
Pulse Vegan Leather Case for iPhone 16-Brown                                                                      , iPhone 16 Base   , case            , leather       , Pulse     ,    11,     21,     3,    31.0,         7, iPhone
Tekne CLEAR Case with Camera stand for iPhone 16-Black                                                            , iPhone 16 Base   , case            , clear         , Tekne     ,    11,     21,     3,   193.0,        44, iPhone
Tekne CLEAR Case with Camera stand for iPhone 16-Grey                                                             , iPhone 16 Base   , case            , clear         , Tekne     ,    11,     21,     3,    37.0,        10, iPhone
Tekne CLEAR Case with Camera stand for iPhone 16-White                                                            , iPhone 16 Base   , case            , clear         , Tekne     ,    11,     21,     3,   234.0,        36, iPhone
Tekne Matt Magsafe Case for iPhone 16-Black                                                                       , iPhone 16 Base   , case            , magsafe       , Tekne     ,    11,     21,     3,   202.0,        39, iPhone
Tekne Matt Magsafe Case for iPhone 16-Blue                                                                        , iPhone 16 Base   , case            , magsafe       , Tekne     ,    11,     21,     3,    98.0,        21, iPhone
Tekne Matt Magsafe Case for iPhone 16-Grey                                                                        , iPhone 16 Base   , case            , magsafe       , Tekne     ,    11,     21,     3,   185.0,        26, iPhone
Tekne SILICON Case for iPhone 16-Black                                                                            , iPhone 16 Base   , case            , silicon       , Tekne     ,    11,     21,     3,   130.0,        23, iPhone
UAG- Plasma  XTE  MagSafe Case for iphone 16-15086- Black/Ornage                                                  , iPhone 16 Base   , case            , magsafe       , UAG       ,    11,     21,     3,     0.0,         2, iPhone
Gripp Clear Case for Apple iPhone 16 Plus  6.7  - Clear                                                           , iPhone 16 Plus   , case            , clear         , Gripp     ,    11,     21,     3,    37.0,         7, iPhone
Gripp Clear MagSafe Case for Apple iPhone 16 Plus  6.7  with White Ring - Clear                                   , iPhone 16 Plus   , case            , magsafe       , Gripp     ,    11,     21,     3,    55.0,        11, iPhone
Gripp Dusk MagSafe Case for Apple iPhone 16 Plus  6.7  - Black                                                    , iPhone 16 Plus   , case            , magsafe       , Gripp     ,    11,     21,     3,    17.0,         5, iPhone
Gripp Glacier Slim MagSafe Case for Apple iPhone 16 Plus  6.7  - Gunmetal                                         , iPhone 16 Plus   , case            , magsafe       , Gripp     ,    11,     21,     3,    10.0,         4, iPhone
Gripp Glacier Slim MagSafe Case for Apple iPhone 16 Plus  6.7  - Natural Titanium                                 , iPhone 16 Plus   , case            , magsafe       , Gripp     ,    11,     21,     3,    12.0,         1, iPhone
Gripp Holdit MagSafe Case for Apple iPhone 16 Plus  6.7  - Grey                                                   , iPhone 16 Plus   , case            , magsafe       , Gripp     ,    11,     21,     3,     8.0,         2, iPhone
Gripp Matrix MagSafe Case for Apple iPhone 16 Plus  6.7  - Black                                                  , iPhone 16 Plus   , case            , magsafe       , Gripp     ,    11,     21,     3,    15.0,         7, iPhone
Gripp STELLAR MagSafe Case for Apple iPhone 16 Plus  6.7  - Black Matte                                           , iPhone 16 Plus   , case            , magsafe       , Gripp     ,    11,     21,     3,    17.0,         5, iPhone
Gripp STELLAR MagSafe Case for Apple iPhone 16 Plus  6.7  - Blue Matte                                            , iPhone 16 Plus   , case            , magsafe       , Gripp     ,    11,     21,     3,    31.0,        11, iPhone
Gripp STELLAR MagSafe Case for Apple iPhone 16 Plus  6.7  - Green Matte                                           , iPhone 16 Plus   , case            , magsafe       , Gripp     ,    11,     21,     3,    68.0,        15, iPhone
Gripp STELLAR MagSafe Case for Apple iPhone 16 Plus  6.7  - Transparent                                           , iPhone 16 Plus   , case            , magsafe       , Gripp     ,    11,     21,     3,    31.0,         4, iPhone
Gripp Slim Fit Magsafe Case for Apple iPhone 16 Plus  6.7  - Black                                                , iPhone 16 Plus   , case            , magsafe       , Gripp     ,    11,     21,     3,     3.0,         3, iPhone
Gripp Slim Fit Magsafe Case for Apple iPhone 16 Plus  6.7  - Blue                                                 , iPhone 16 Plus   , case            , magsafe       , Gripp     ,    11,     21,     3,     1.0,         2, iPhone
Gripp Slim Fit Magsafe Case for Apple iPhone 16 Plus  6.7  - Green                                                , iPhone 16 Plus   , case            , magsafe       , Gripp     ,    11,     21,     3,    11.0,         3, iPhone
Gripp Slim Fit Magsafe Case for Apple iPhone 16 Plus  6.7  - White                                                , iPhone 16 Plus   , case            , magsafe       , Gripp     ,    11,     21,     3,     5.0,         9, iPhone
PULSE ARMOUR Case for iPhone 16 Plus-Black                                                                        , iPhone 16 Plus   , case            , armour        , Pulse     ,    11,     21,     3,   198.0,        22, iPhone
PULSE ARMOUR Case for iPhone 16 Plus-Dark Blue                                                                    , iPhone 16 Plus   , case            , armour        , Pulse     ,    11,     21,     3,    96.0,        23, iPhone
PULSE ARMOUR Case for iPhone 16 Plus-Matt Clear                                                                   , iPhone 16 Plus   , case            , armour        , Pulse     ,    11,     21,     3,    67.0,        13, iPhone
PULSE Aluminium Rugged Magsafe Case for iPhone 16 Plus-Matt Black                                                 , iPhone 16 Plus   , case            , magsafe       , Pulse     ,    11,     21,     3,   131.0,        17, iPhone
PULSE Aluminium Rugged Magsafe Case for iPhone 16 Plus-Matt Green                                                 , iPhone 16 Plus   , case            , magsafe       , Pulse     ,    11,     21,     3,    28.0,         3, iPhone
PULSE Aluminium Rugged Magsafe Case for iPhone 16 Plus-Matt Grey Blue                                             , iPhone 16 Plus   , case            , magsafe       , Pulse     ,    11,     21,     3,    49.0,         7, iPhone
PULSE Matt Magsafe Case for iPhone 16 Plus-Black                                                                  , iPhone 16 Plus   , case            , magsafe       , Pulse     ,    11,     21,     3,   145.0,        25, iPhone
PULSE Matt Magsafe Case for iPhone 16 Plus-Blue                                                                   , iPhone 16 Plus   , case            , magsafe       , Pulse     ,    11,     21,     3,    52.0,         8, iPhone
PULSE Matt Magsafe Case for iPhone 16 Plus-Grey                                                                   , iPhone 16 Plus   , case            , magsafe       , Pulse     ,    11,     21,     3,   137.0,        21, iPhone
Pulse CLEAR Case with Camera stand for iPhone 16 Plus-Black                                                       , iPhone 16 Plus   , case            , clear         , Pulse     ,    11,     21,     3,    53.0,        12, iPhone
Pulse CLEAR Case with Camera stand for iPhone 16 Plus-Dark Blue                                                   , iPhone 16 Plus   , case            , clear         , Pulse     ,    11,     21,     3,    56.0,        14, iPhone
Pulse CLEAR Case with Camera stand for iPhone 16 Plus-Grey                                                        , iPhone 16 Plus   , case            , clear         , Pulse     ,    11,     21,     3,    65.0,        15, iPhone
Pulse CLEAR Case with Camera stand for iPhone 16 Plus-White                                                       , iPhone 16 Plus   , case            , clear         , Pulse     ,    11,     21,     3,   123.0,        12, iPhone
Pulse CRYSTAL Case with Metal Camera Stand for iPhone 16 Plus-Black                                               , iPhone 16 Plus   , case            , crystal       , Pulse     ,    11,     21,     3,   106.0,        24, iPhone
Pulse CRYSTAL Case with Metal Camera Stand for iPhone 16 Plus-Grey                                                , iPhone 16 Plus   , case            , crystal       , Pulse     ,    11,     21,     3,   109.0,        13, iPhone
Pulse CRYSTAL Case with Metal Camera Stand for iPhone 16 Plus-White                                               , iPhone 16 Plus   , case            , crystal       , Pulse     ,    11,     21,     3,   208.0,        47, iPhone
Pulse SILICON Case for iPhone 16 Plus-Black                                                                       , iPhone 16 Plus   , case            , silicon       , Pulse     ,    11,     21,     3,    89.0,        19, iPhone
Pulse SILICON Case for iPhone 16 Plus-Storm Blue                                                                  , iPhone 16 Plus   , case            , silicon       , Pulse     ,    11,     21,     3,    38.0,        15, iPhone
Pulse Vegan Leather Case for iPhone 16 Plus-Black                                                                 , iPhone 16 Plus   , case            , leather       , Pulse     ,    11,     21,     3,    39.0,         9, iPhone
Pulse Vegan Leather Case for iPhone 16 Plus-Blue                                                                  , iPhone 16 Plus   , case            , leather       , Pulse     ,    11,     21,     3,    21.0,         6, iPhone
Pulse Vegan Leather Case for iPhone 16 Plus-Brown                                                                 , iPhone 16 Plus   , case            , leather       , Pulse     ,    11,     21,     3,    17.0,         6, iPhone
Tekne ARMOUR Case for iPhone 16 Plus-Matt Clear                                                                   , iPhone 16 Plus   , case            , armour        , Tekne     ,    11,     21,     3,   144.0,        21, iPhone
Tekne CLEAR Case with Camera stand for iPhone 16 Plus-Grey                                                        , iPhone 16 Plus   , case            , clear         , Tekne     ,    11,     21,     3,   155.0,        31, iPhone
Tekne CLEAR Case with Camera stand for iPhone 16 Plus-White                                                       , iPhone 16 Plus   , case            , clear         , Tekne     ,    11,     21,     3,    29.0,         3, iPhone
Tekne Matt Magsafe Case for iPhone 16 Plus-Black                                                                  , iPhone 16 Plus   , case            , magsafe       , Tekne     ,    11,     21,     3,   144.0,        36, iPhone
Tekne Matt Magsafe Case for iPhone 16 Plus-Grey                                                                   , iPhone 16 Plus   , case            , magsafe       , Tekne     ,    11,     21,     3,   113.0,        17, iPhone
UAG- Metropolis LT Magsafe Case for iphone 16 Plus- 14348-Kevlar Black                                            , iPhone 16 Plus   , case            , magsafe       , UAG       ,    11,     21,     3,     1.0,         0, iPhone
UAG-Plasma XTE Magsafe Case for iphone 16 Plus- 14997-Black/Orange                                                , iPhone 16 Plus   , case            , magsafe       , UAG       ,    11,     21,     3,     1.0,         0, iPhone
Gripp Clear Case for Apple iPhone 16 Pro  6.3  - Clear                                                            , iPhone 16 Pro    , case            , clear         , Gripp     ,    11,     21,     3,    53.0,        46, iPhone
Gripp Clear MagSafe Case for Apple iPhone 16 Pro  6.3  with White Ring - Clear                                    , iPhone 16 Pro    , case            , magsafe       , Gripp     ,    11,     21,     3,    57.0,        53, iPhone
Gripp Dusk MagSafe Case for Apple iPhone 16 Pro  6.3  - Black                                                     , iPhone 16 Pro    , case            , magsafe       , Gripp     ,    11,     21,     3,    51.0,        34, iPhone
Gripp Glacier Slim MagSafe Case for Apple iPhone 16 Pro  6.3  - Gunmetal                                          , iPhone 16 Pro    , case            , magsafe       , Gripp     ,    11,     21,     3,    17.0,        16, iPhone
Gripp Glacier Slim MagSafe Case for Apple iPhone 16 Pro  6.3  - Natural Titanium                                  , iPhone 16 Pro    , case            , magsafe       , Gripp     ,    11,     21,     3,    41.0,        30, iPhone
Gripp Glacier Slim MagSafe Case for Apple iPhone 16 Pro  6.3  - Rose Gold                                         , iPhone 16 Pro    , case            , magsafe       , Gripp     ,    11,     21,     3,    71.0,        53, iPhone
Gripp Holdit MagSafe Case for Apple iPhone 16 Pro  6.3  - Grey                                                    , iPhone 16 Pro    , case            , magsafe       , Gripp     ,    11,     21,     3,     5.0,         7, iPhone
Gripp Holdit MagSafe Case for Apple iPhone 16 Pro  6.3  - R.Gold                                                  , iPhone 16 Pro    , case            , magsafe       , Gripp     ,    11,     21,     3,    13.0,        11, iPhone
Gripp Matrix MagSafe Case for Apple iPhone 16 Pro  6.3  - Black                                                   , iPhone 16 Pro    , case            , magsafe       , Gripp     ,    11,     21,     3,    21.0,        23, iPhone
Gripp Matrix MagSafe Case for Apple iPhone 16 Pro  6.3  - Gold                                                    , iPhone 16 Pro    , case            , magsafe       , Gripp     ,    11,     21,     3,    35.0,        31, iPhone
Gripp STELLAR MagSafe Case for Apple iPhone 16 Pro  6.3  - Black Matte                                            , iPhone 16 Pro    , case            , magsafe       , Gripp     ,    11,     21,     3,    61.0,        36, iPhone
Gripp STELLAR MagSafe Case for Apple iPhone 16 Pro  6.3  - Gold Matte                                             , iPhone 16 Pro    , case            , magsafe       , Gripp     ,    11,     21,     3,    94.0,        61, iPhone
Gripp STELLAR MagSafe Case for Apple iPhone 16 Pro  6.3  - Transparent                                            , iPhone 16 Pro    , case            , magsafe       , Gripp     ,    11,     21,     3,    68.0,        54, iPhone
Gripp Slim Fit Magsafe Case for Apple iPhone 16 Pro  6.3  - Black                                                 , iPhone 16 Pro    , case            , magsafe       , Gripp     ,    11,     21,     3,    18.0,        13, iPhone
Gripp Slim Fit Magsafe Case for Apple iPhone 16 Pro  6.3  - Grey                                                  , iPhone 16 Pro    , case            , magsafe       , Gripp     ,    11,     21,     3,    16.0,        22, iPhone
Peak Design Mobile - Everyday Clarino Case - iPhone 16 Pro - Black                                                , iPhone 16 Pro    , case            , clarino       , Apple     ,    11,     21,     3,     0.0,         1, iPhone
Peak Design Mobile - Everyday Clarino Case - iPhone 16 Pro - Tan                                                  , iPhone 16 Pro    , case            , clarino       , Apple     ,    11,     21,     3,     1.0,         3, iPhone
Peak Design Mobile - Everyday Fabric Case - iPhone 16 Pro - Charcoal                                              , iPhone 16 Pro    , case            , fabric        , Apple     ,    11,     21,     3,     1.0,         0, iPhone
Peak Design Mobile - Everyday Loop Case - iPhone 16 Pro - Charcoal                                                , iPhone 16 Pro    , case            , loop          , Apple     ,    11,     21,     3,     0.0,         2, iPhone
Gripp Clear Case for Apple iPhone 16 Pro Max  6.9  - Clear                                                        , iPhone 16 Pro Max, case            , clear         , Gripp     ,    11,     21,     3,    53.0,        33, iPhone
Gripp Clear MagSafe Case for Apple iPhone 16 Pro Max  6.9  with White Ring - Clear                                , iPhone 16 Pro Max, case            , magsafe       , Gripp     ,    11,     21,     3,    71.0,        52, iPhone
Gripp Dusk MagSafe Case for Apple iPhone 16 Pro Max  6.9  - Black                                                 , iPhone 16 Pro Max, case            , magsafe       , Gripp     ,    11,     21,     3,    43.0,        65, iPhone
Gripp Glacier Slim MagSafe Case for Apple iPhone 16 Pro Max  6.9  - Gunmetal                                      , iPhone 16 Pro Max, case            , magsafe       , Gripp     ,    11,     21,     3,    21.0,        24, iPhone
Gripp Glacier Slim MagSafe Case for Apple iPhone 16 Pro Max  6.9  - Natural Titanium                              , iPhone 16 Pro Max, case            , magsafe       , Gripp     ,    11,     21,     3,    24.0,        28, iPhone
Gripp Glacier Slim MagSafe Case for Apple iPhone 16 Pro Max  6.9  - Rose Gold                                     , iPhone 16 Pro Max, case            , magsafe       , Gripp     ,    11,     21,     3,    41.0,        49, iPhone
Gripp Holdit MagSafe Case for Apple iPhone 16 Pro Max  6.9  - Grey                                                , iPhone 16 Pro Max, case            , magsafe       , Gripp     ,    11,     21,     3,     9.0,        18, iPhone
Gripp Holdit MagSafe Case for Apple iPhone 16 Pro Max  6.9  - R.Gold                                              , iPhone 16 Pro Max, case            , magsafe       , Gripp     ,    11,     21,     3,    23.0,        18, iPhone
Gripp Matrix MagSafe Case for Apple iPhone 16 Pro Max  6.9  - Black                                               , iPhone 16 Pro Max, case            , magsafe       , Gripp     ,    11,     21,     3,    34.0,        39, iPhone
Gripp Matrix MagSafe Case for Apple iPhone 16 Pro Max  6.9  - Gold                                                , iPhone 16 Pro Max, case            , magsafe       , Gripp     ,    11,     21,     3,    30.0,        37, iPhone
Gripp STELLAR MagSafe Case for Apple iPhone 16 Pro Max  6.9  - Black Matte                                        , iPhone 16 Pro Max, case            , magsafe       , Gripp     ,    11,     21,     3,    51.0,        57, iPhone
Gripp STELLAR MagSafe Case for Apple iPhone 16 Pro Max  6.9  - Gold Matte                                         , iPhone 16 Pro Max, case            , magsafe       , Gripp     ,    11,     21,     3,    94.0,        95, iPhone
Gripp STELLAR MagSafe Case for Apple iPhone 16 Pro Max  6.9  - Transparent                                        , iPhone 16 Pro Max, case            , magsafe       , Gripp     ,    11,     21,     3,    81.0,        68, iPhone
Gripp Slim Fit Magsafe Case for Apple iPhone 16 Pro Max  6.9  - Black                                             , iPhone 16 Pro Max, case            , magsafe       , Gripp     ,    11,     21,     3,    13.0,        21, iPhone
Gripp Slim Fit Magsafe Case for Apple iPhone 16 Pro Max  6.9  - Grey                                              , iPhone 16 Pro Max, case            , magsafe       , Gripp     ,    11,     21,     3,    13.0,        19, iPhone
PULSE ARMOUR Case for iPhone 16 Pro Max -Matt Clear                                                               , iPhone 16 Pro Max, case            , armour        , Pulse     ,    11,     21,     3,    37.0,        34, iPhone
PULSE ARMOUR Case for iPhone 16 Pro Max-Black                                                                     , iPhone 16 Pro Max, case            , armour        , Pulse     ,    11,     21,     3,   142.0,        89, iPhone
PULSE ARMOUR Case for iPhone 16 Pro Max-Dark Blue                                                                 , iPhone 16 Pro Max, case            , armour        , Pulse     ,    11,     21,     3,    21.0,        21, iPhone
PULSE Aluminium Rugged Magsafe Case for iPhone 16 Pro Max -Matt Grey Blue                                         , iPhone 16 Pro Max, case            , magsafe       , Pulse     ,    11,     21,     3,    65.0,        41, iPhone
PULSE Aluminium Rugged Magsafe Case for iPhone 16 Pro Max-Matt Black                                              , iPhone 16 Pro Max, case            , magsafe       , Pulse     ,    11,     21,     3,   112.0,        63, iPhone
PULSE Aluminium Rugged Magsafe Case for iPhone 16 Pro Max-Matt Green                                              , iPhone 16 Pro Max, case            , magsafe       , Pulse     ,    11,     21,     3,    19.0,         8, iPhone
PULSE Matt Magsafe Case for iPhone 16 Pro Max -Grey                                                               , iPhone 16 Pro Max, case            , magsafe       , Pulse     ,    11,     21,     3,   106.0,        65, iPhone
PULSE Matt Magsafe Case for iPhone 16 Pro Max-Black                                                               , iPhone 16 Pro Max, case            , magsafe       , Pulse     ,    11,     21,     3,    93.0,        82, iPhone
PULSE Matt Magsafe Case for iPhone 16 Pro Max-Blue                                                                , iPhone 16 Pro Max, case            , magsafe       , Pulse     ,    11,     21,     3,    28.0,        18, iPhone
Peak Design Mobile - Everyday Clarino Case - iPhone 16 Pro Max - Black                                            , iPhone 16 Pro Max, case            , clarino       , Apple     ,    11,     21,     3,     0.0,         2, iPhone
Peak Design Mobile - Everyday Clarino Case - iPhone 16 Pro Max - Tan                                              , iPhone 16 Pro Max, case            , clarino       , Apple     ,    11,     21,     3,     0.0,         2, iPhone
Peak Design Mobile - Everyday Fabric Case - iPhone 16 Pro Max - Charcoal                                          , iPhone 16 Pro Max, case            , fabric        , Apple     ,    11,     21,     3,     0.0,         2, iPhone
Peak Design Mobile - Everyday Fabric Case - iPhone 16 Pro Max - Eclipse                                           , iPhone 16 Pro Max, case            , fabric        , Apple     ,    11,     21,     3,     1.0,         3, iPhone
Peak Design Mobile - Everyday Fabric Case - iPhone 16 Pro Max - Sage                                              , iPhone 16 Pro Max, case            , fabric        , Apple     ,    11,     21,     3,     1.0,         1, iPhone
Peak Design Mobile - Everyday Loop Case - iPhone 16 Pro Max - Charcoal                                            , iPhone 16 Pro Max, case            , loop          , Apple     ,    11,     21,     3,     1.0,         1, iPhone
Pulse CLEAR Case with Camera stand for iPhone 16 Pro Max-Black                                                    , iPhone 16 Pro Max, case            , clear         , Pulse     ,    11,     21,     3,    79.0,        50, iPhone
Pulse CLEAR Case with Camera stand for iPhone 16 Pro Max-Dark Blue                                                , iPhone 16 Pro Max, case            , clear         , Pulse     ,    11,     21,     3,    60.0,        36, iPhone
Pulse CLEAR Case with Camera stand for iPhone 16 Pro Max-Grey                                                     , iPhone 16 Pro Max, case            , clear         , Pulse     ,    11,     21,     3,    67.0,        43, iPhone
Pulse CLEAR Case with Camera stand for iPhone 16 Pro Max-White                                                    , iPhone 16 Pro Max, case            , clear         , Pulse     ,    11,     21,     3,   149.0,        81, iPhone
Pulse CRYSTAL Case with Metal Camera Stand for iPhone 16 Pro Max-Black                                            , iPhone 16 Pro Max, case            , crystal       , Pulse     ,    11,     21,     3,    83.0,        55, iPhone
Pulse CRYSTAL Case with Metal Camera Stand for iPhone 16 Pro Max-Grey                                             , iPhone 16 Pro Max, case            , crystal       , Pulse     ,    11,     21,     3,    72.0,        61, iPhone
Pulse CRYSTAL Case with Metal Camera Stand for iPhone 16 Pro Max-White                                            , iPhone 16 Pro Max, case            , crystal       , Pulse     ,    11,     21,     3,   165.0,       109, iPhone
Pulse SILICON Case for iPhone 16 Pro Max-Black                                                                    , iPhone 16 Pro Max, case            , silicon       , Pulse     ,    11,     21,     3,    68.0,        58, iPhone
Pulse SILICON Case for iPhone 16 Pro Max-Storm Blue                                                               , iPhone 16 Pro Max, case            , silicon       , Pulse     ,    11,     21,     3,    27.0,        29, iPhone
Pulse Vegan Leather Case for iPhone 16 Pro Max -Brown                                                             , iPhone 16 Pro Max, case            , leather       , Pulse     ,    11,     21,     3,    20.0,        29, iPhone
Pulse Vegan Leather Case for iPhone 16 Pro Max-Black                                                              , iPhone 16 Pro Max, case            , leather       , Pulse     ,    11,     21,     3,    40.0,        42, iPhone
Pulse Vegan Leather Case for iPhone 16 Pro Max-Blue                                                               , iPhone 16 Pro Max, case            , leather       , Pulse     ,    11,     21,     3,    20.0,        25, iPhone
Tekne CLEAR Case with Camera stand for iPhone 16 Pro Max-Black                                                    , iPhone 16 Pro Max, case            , clear         , Tekne     ,    11,     21,     3,   159.0,       123, iPhone
Tekne CLEAR Case with Camera stand for iPhone 16 Pro Max-Grey                                                     , iPhone 16 Pro Max, case            , clear         , Tekne     ,    11,     21,     3,    51.0,        31, iPhone
Tekne CLEAR Case with Camera stand for iPhone 16 Pro Max-White                                                    , iPhone 16 Pro Max, case            , clear         , Tekne     ,    11,     21,     3,   203.0,       114, iPhone
Tekne Matt Magsafe Case for iPhone 16 Pro Max-Black                                                               , iPhone 16 Pro Max, case            , magsafe       , Tekne     ,    11,     21,     3,   157.0,       114, iPhone
UAG-Civilian  Magsafe Case For Iphone 16 Pro Max-14140-Black                                                      , iPhone 16 Pro Max, case            , magsafe       , UAG       ,    11,     21,     3,     1.0,         0, iPhone
UAG-Pathfinder  Magsafe Case For Iphone 16 Pro Max-14744-Ice                                                      , iPhone 16 Pro Max, case            , magsafe       , UAG       ,    11,     21,     3,     1.0,         2, iPhone
UAG-Pathfinder Magsafe Case For Iphone 16 Pro Max-14751-Active Neon                                               , iPhone 16 Pro Max, case            , magsafe       , UAG       ,    11,     21,     3,     1.0,         2, iPhone
UAG-Pathfinder Magsafe Case For Iphone 16 Pro Max-14867-Silver                                                    , iPhone 16 Pro Max, case            , magsafe       , UAG       ,    11,     21,     3,     1.0,         0, iPhone
UAG-Pathfinder Magsafe Case For Iphone 16 Pro Max-14874-Black                                                     , iPhone 16 Pro Max, case            , magsafe       , UAG       ,    11,     21,     3,     1.0,         0, iPhone
UAG-Pathfinder Magsafe Case For Iphone 16 Pro Max-14898-Cloud Blue                                                , iPhone 16 Pro Max, case            , magsafe       , UAG       ,    11,     21,     3,     0.0,         1, iPhone
UAG-Plasma XTE Magsafe Case For Iphone 16 Pro Max-15048-Ash/Titanium                                              , iPhone 16 Pro Max, case            , magsafe       , UAG       ,    11,     21,     3,     2.0,         1, iPhone
UAG-Plasma XTE Magsafe Case For Iphone 16 Pro Max-15055-Black/Clear                                               , iPhone 16 Pro Max, case            , magsafe       , UAG       ,    11,     21,     3,     2.0,         0, iPhone
